field_name,field_type
type,string
is_primary,boolean
active_symbol,boolean
index,string
earnings_per_share_basic_ttm,fundamental_price
changechangechange|1change|5change|15change|30change|60change|120change|240change|1Wchange|1M,percent
change_abschange_abschange_abs|1change_abs|5change_abs|15change_abs|30change_abs|60change_abs|120change_abs|240change_abs|1Wchange_abs|1M,price
market_cap_basic,fundamental_price
number_of_employees,number
closecloseclose|1close|5close|15close|30close|60close|120close|240close|1Wclose|1M,price
price_earnings_ttm,number
sector,string
Recommend.AllRecommend.AllRecommend.All|1Recommend.All|5Recommend.All|15Recommend.All|30Recommend.All|60Recommend.All|120Recommend.All|240Recommend.All|1WRecommend.All|1M,number
volumevolumevolume|1volume|5volume|15volume|30volume|60volume|120volume|240volume|1Wvolume|1M,number
Value.TradedValue.TradedValue.Traded|1Value.Traded|5Value.Traded|15Value.Traded|30Value.Traded|60Value.Traded|120Value.Traded|240Value.Traded|1WValue.Traded|1M,number
High.1M,number
Low.1M,number
beta_1_year,number
High.3M,number
Low.3M,number
Perf.3M,number
Perf.5Y,number
High.6M,number
Low.6M,number
Perf.6M,number
price_52_week_high,number
price_52_week_low,number
High.All,number
Low.All,number
Perf.All,number
Aroon.DownAroon.DownAroon.Down|1Aroon.Down|5Aroon.Down|15Aroon.Down|30Aroon.Down|60Aroon.Down|120Aroon.Down|240Aroon.Down|1WAroon.Down|1M,number
Aroon.UpAroon.UpAroon.Up|1Aroon.Up|5Aroon.Up|15Aroon.Up|30Aroon.Up|60Aroon.Up|120Aroon.Up|240Aroon.Up|1WAroon.Up|1M,number
ADRADRADR|1ADR|5ADR|15ADR|30ADR|60ADR|120ADR|240ADR|1WADR|1M,number
ADXADXADX|1ADX|5ADX|15ADX|30ADX|60ADX|120ADX|240ADX|1WADX|1M,number
ATRATRATR|1ATR|5ATR|15ATR|30ATR|60ATR|120ATR|240ATR|1WATR|1M,number
average_volume_10d_calcaverage_volume_10d_calcaverage_volume_10d_calc|1average_volume_10d_calc|5average_volume_10d_calc|15average_volume_10d_calc|30average_volume_10d_calc|60average_volume_10d_calc|120average_volume_10d_calc|240average_volume_10d_calc|1Waverage_volume_10d_calc|1M,number
average_volume_30d_calcaverage_volume_30d_calcaverage_volume_30d_calc|1average_volume_30d_calc|5average_volume_30d_calc|15average_volume_30d_calc|30average_volume_30d_calc|60average_volume_30d_calc|120average_volume_30d_calc|240average_volume_30d_calc|1Waverage_volume_30d_calc|1M,number
average_volume_60d_calcaverage_volume_60d_calcaverage_volume_60d_calc|1average_volume_60d_calc|5average_volume_60d_calc|15average_volume_60d_calc|30average_volume_60d_calc|60average_volume_60d_calc|120average_volume_60d_calc|240average_volume_60d_calc|1Waverage_volume_60d_calc|1M,number
average_volume_90d_calcaverage_volume_90d_calcaverage_volume_90d_calc|1average_volume_90d_calc|5average_volume_90d_calc|15average_volume_90d_calc|30average_volume_90d_calc|60average_volume_90d_calc|120average_volume_90d_calc|240average_volume_90d_calc|1Waverage_volume_90d_calc|1M,number
AOAOAO|1AO|5AO|15AO|30AO|60AO|120AO|240AO|1WAO|1M,number
basic_eps_net_income,fundamental_price
BB.lowerBB.lowerBB.lower|1BB.lower|5BB.lower|15BB.lower|30BB.lower|60BB.lower|120BB.lower|240BB.lower|1WBB.lower|1M,number
BB.upperBB.upperBB.upper|1BB.upper|5BB.upper|15BB.upper|30BB.upper|60BB.upper|120BB.upper|240BB.upper|1WBB.upper|1M,number
BBPowerBBPowerBBPower|1BBPower|5BBPower|15BBPower|30BBPower|60BBPower|120BBPower|240BBPower|1WBBPower|1M,number
cash_n_short_term_invest_fy,fundamental_price
cash_n_short_term_invest_fq,fundamental_price
cash_n_equivalents_fy,fundamental_price
cash_n_equivalents_fq,fundamental_price
ChaikinMoneyFlowChaikinMoneyFlowChaikinMoneyFlow|1ChaikinMoneyFlow|5ChaikinMoneyFlow|15ChaikinMoneyFlow|30ChaikinMoneyFlow|60ChaikinMoneyFlow|120ChaikinMoneyFlow|240ChaikinMoneyFlow|1WChaikinMoneyFlow|1M,number
change_from_openchange_from_openchange_from_open|1change_from_open|5change_from_open|15change_from_open|30change_from_open|60change_from_open|120change_from_open|240change_from_open|1Wchange_from_open|1M,percent
change_from_open_abschange_from_open_abschange_from_open_abs|1change_from_open_abs|5change_from_open_abs|15change_from_open_abs|30change_from_open_abs|60change_from_open_abs|120change_from_open_abs|240change_from_open_abs|1Wchange_from_open_abs|1M,price
CCI20CCI20CCI20|1CCI20|5CCI20|15CCI20|30CCI20|60CCI20|120CCI20|240CCI20|1WCCI20|1M,number
country,string
current_ratio,number
debt_to_equity,number
dividends_paid,fundamental_price
dps_common_stock_prim_issue_yoy_growth_fy,percent
dps_common_stock_prim_issue_fy,fundamental_price
dividends_per_share_fq,fundamental_price
dividend_yield_recent,number
DonchCh20.LowerDonchCh20.LowerDonchCh20.Lower|1DonchCh20.Lower|5DonchCh20.Lower|15DonchCh20.Lower|30DonchCh20.Lower|60DonchCh20.Lower|120DonchCh20.Lower|240DonchCh20.Lower|1WDonchCh20.Lower|1M,number
DonchCh20.UpperDonchCh20.UpperDonchCh20.Upper|1DonchCh20.Upper|5DonchCh20.Upper|15DonchCh20.Upper|30DonchCh20.Upper|60DonchCh20.Upper|120DonchCh20.Upper|240DonchCh20.Upper|1WDonchCh20.Upper|1M,number
ebitda_yoy_growth_fy,percent
ebitda_qoq_growth_fq,percent
ebitda_yoy_growth_fq,percent
ebitda,fundamental_price
ebitda_yoy_growth_ttm,percent
enterprise_value_ebitda_ttm,number
enterprise_value_fq,fundamental_price
earnings_per_share_diluted_yoy_growth_fy,percent
last_annual_eps,fundamental_price
earnings_per_share_fq,fundamental_price
earnings_per_share_diluted_qoq_growth_fq,percent
earnings_per_share_diluted_yoy_growth_fq,percent
earnings_per_share_diluted_ttm,fundamental_price
earnings_per_share_diluted_yoy_growth_ttm,percent
earnings_per_share_forecast_next_fq,fundamental_price
exchange,string
EMA5EMA5EMA5|1EMA5|5EMA5|15EMA5|30EMA5|60EMA5|120EMA5|240EMA5|1WEMA5|1M,number
EMA10EMA10EMA10|1EMA10|5EMA10|15EMA10|30EMA10|60EMA10|120EMA10|240EMA10|1WEMA10|1M,number
EMA20EMA20EMA20|1EMA20|5EMA20|15EMA20|30EMA20|60EMA20|120EMA20|240EMA20|1WEMA20|1M,number
EMA30EMA30EMA30|1EMA30|5EMA30|15EMA30|30EMA30|60EMA30|120EMA30|240EMA30|1WEMA30|1M,number
EMA50EMA50EMA50|1EMA50|5EMA50|15EMA50|30EMA50|60EMA50|120EMA50|240EMA50|1WEMA50|1M,number
EMA100EMA100EMA100|1EMA100|5EMA100|15EMA100|30EMA100|60EMA100|120EMA100|240EMA100|1WEMA100|1M,number
EMA200EMA200EMA200|1EMA200|5EMA200|15EMA200|30EMA200|60EMA200|120EMA200|240EMA200|1WEMA200|1M,number
free_cash_flow_yoy_growth_fy,percent
free_cash_flow_margin_fy,percent
free_cash_flow_margin_ttm,percent
free_cash_flow_qoq_growth_fq,percent
free_cash_flow_yoy_growth_fq,percent
free_cash_flow_yoy_growth_ttm,percent
gapgapgap|1gap|5gap|15gap|30gap|60gap|120gap|240gap|1Wgap|1M,percent
goodwill,fundamental_price
gross_profit_margin_fy,percent
gross_margin,percent
gross_profit_yoy_growth_fy,percent
gross_profit,fundamental_price
gross_profit_fq,fundamental_price
gross_profit_qoq_growth_fq,percent
gross_profit_yoy_growth_fq,percent
gross_profit_yoy_growth_ttm,percent
highhighhigh|1high|5high|15high|30high|60high|120high|240high|1Whigh|1M,price
HullMA9HullMA9HullMA9|1HullMA9|5HullMA9|15HullMA9|30HullMA9|60HullMA9|120HullMA9|240HullMA9|1WHullMA9|1M,number
Ichimoku.BLineIchimoku.BLineIchimoku.BLine|1Ichimoku.BLine|5Ichimoku.BLine|15Ichimoku.BLine|30Ichimoku.BLine|60Ichimoku.BLine|120Ichimoku.BLine|240Ichimoku.BLine|1WIchimoku.BLine|1M,number
Ichimoku.CLineIchimoku.CLineIchimoku.CLine|1Ichimoku.CLine|5Ichimoku.CLine|15Ichimoku.CLine|30Ichimoku.CLine|60Ichimoku.CLine|120Ichimoku.CLine|240Ichimoku.CLine|1WIchimoku.CLine|1M,number
Ichimoku.Lead1Ichimoku.Lead1Ichimoku.Lead1|1Ichimoku.Lead1|5Ichimoku.Lead1|15Ichimoku.Lead1|30Ichimoku.Lead1|60Ichimoku.Lead1|120Ichimoku.Lead1|240Ichimoku.Lead1|1WIchimoku.Lead1|1M,number
Ichimoku.Lead2Ichimoku.Lead2Ichimoku.Lead2|1Ichimoku.Lead2|5Ichimoku.Lead2|15Ichimoku.Lead2|30Ichimoku.Lead2|60Ichimoku.Lead2|120Ichimoku.Lead2|240Ichimoku.Lead2|1WIchimoku.Lead2|1M,number
industry,string
KltChnl.lowerKltChnl.lowerKltChnl.lower|1KltChnl.lower|5KltChnl.lower|15KltChnl.lower|30KltChnl.lower|60KltChnl.lower|120KltChnl.lower|240KltChnl.lower|1WKltChnl.lower|1M,number
KltChnl.upperKltChnl.upperKltChnl.upper|1KltChnl.upper|5KltChnl.upper|15KltChnl.upper|30KltChnl.upper|60KltChnl.upper|120KltChnl.upper|240KltChnl.upper|1WKltChnl.upper|1M,number
last_annual_revenue,fundamental_price
lowlowlow|1low|5low|15low|30low|60low|120low|240low|1Wlow|1M,price
MACD.macdMACD.macdMACD.macd|1MACD.macd|5MACD.macd|15MACD.macd|30MACD.macd|60MACD.macd|120MACD.macd|240MACD.macd|1WMACD.macd|1M,number
MACD.signalMACD.signalMACD.signal|1MACD.signal|5MACD.signal|15MACD.signal|30MACD.signal|60MACD.signal|120MACD.signal|240MACD.signal|1WMACD.signal|1M,number
MomMomMom|1Mom|5Mom|15Mom|30Mom|60Mom|120Mom|240Mom|1WMom|1M,number
MoneyFlowMoneyFlowMoneyFlow|1MoneyFlow|5MoneyFlow|15MoneyFlow|30MoneyFlow|60MoneyFlow|120MoneyFlow|240MoneyFlow|1WMoneyFlow|1M,number
Perf.1M,number
Recommend.MARecommend.MARecommend.MA|1Recommend.MA|5Recommend.MA|15Recommend.MA|30Recommend.MA|60Recommend.MA|120Recommend.MA|240Recommend.MA|1WRecommend.MA|1M,number
ADX-DIADX-DIADX-DI|1ADX-DI|5ADX-DI|15ADX-DI|30ADX-DI|60ADX-DI|120ADX-DI|240ADX-DI|1WADX-DI|1M,number
net_debt,fundamental_price
net_income_yoy_growth_fy,percent
net_income,fundamental_price
net_income_qoq_growth_fq,percent
net_income_yoy_growth_fq,percent
net_income_yoy_growth_ttm,percent
net_income_bef_disc_oper_margin_fy,percent
after_tax_margin,percent
number_of_shareholders,number
openopenopen|1open|5open|15open|30open|60open|120open|240open|1Wopen|1M,price
oper_income_margin_fy,percent
operating_margin,percent
Recommend.OtherRecommend.OtherRecommend.Other|1Recommend.Other|5Recommend.Other|15Recommend.Other|30Recommend.Other|60Recommend.Other|120Recommend.Other|240Recommend.Other|1WRecommend.Other|1M,number
P.SARP.SARP.SAR|1P.SAR|5P.SAR|15P.SAR|30P.SAR|60P.SAR|120P.SAR|240P.SAR|1WP.SAR|1M,number
Pivot.M.Camarilla.MiddlePivot.M.Camarilla.MiddlePivot.M.Camarilla.Middle|1Pivot.M.Camarilla.Middle|5Pivot.M.Camarilla.Middle|15Pivot.M.Camarilla.Middle|30Pivot.M.Camarilla.Middle|60Pivot.M.Camarilla.Middle|120Pivot.M.Camarilla.Middle|240Pivot.M.Camarilla.Middle|1WPivot.M.Camarilla.Middle|1M,number
Pivot.M.Camarilla.R1Pivot.M.Camarilla.R1Pivot.M.Camarilla.R1|1Pivot.M.Camarilla.R1|5Pivot.M.Camarilla.R1|15Pivot.M.Camarilla.R1|30Pivot.M.Camarilla.R1|60Pivot.M.Camarilla.R1|120Pivot.M.Camarilla.R1|240Pivot.M.Camarilla.R1|1WPivot.M.Camarilla.R1|1M,number
Pivot.M.Camarilla.R2Pivot.M.Camarilla.R2Pivot.M.Camarilla.R2|1Pivot.M.Camarilla.R2|5Pivot.M.Camarilla.R2|15Pivot.M.Camarilla.R2|30Pivot.M.Camarilla.R2|60Pivot.M.Camarilla.R2|120Pivot.M.Camarilla.R2|240Pivot.M.Camarilla.R2|1WPivot.M.Camarilla.R2|1M,number
Pivot.M.Camarilla.R3Pivot.M.Camarilla.R3Pivot.M.Camarilla.R3|1Pivot.M.Camarilla.R3|5Pivot.M.Camarilla.R3|15Pivot.M.Camarilla.R3|30Pivot.M.Camarilla.R3|60Pivot.M.Camarilla.R3|120Pivot.M.Camarilla.R3|240Pivot.M.Camarilla.R3|1WPivot.M.Camarilla.R3|1M,number
Pivot.M.Camarilla.S1Pivot.M.Camarilla.S1Pivot.M.Camarilla.S1|1Pivot.M.Camarilla.S1|5Pivot.M.Camarilla.S1|15Pivot.M.Camarilla.S1|30Pivot.M.Camarilla.S1|60Pivot.M.Camarilla.S1|120Pivot.M.Camarilla.S1|240Pivot.M.Camarilla.S1|1WPivot.M.Camarilla.S1|1M,number
Pivot.M.Camarilla.S2Pivot.M.Camarilla.S2Pivot.M.Camarilla.S2|1Pivot.M.Camarilla.S2|5Pivot.M.Camarilla.S2|15Pivot.M.Camarilla.S2|30Pivot.M.Camarilla.S2|60Pivot.M.Camarilla.S2|120Pivot.M.Camarilla.S2|240Pivot.M.Camarilla.S2|1WPivot.M.Camarilla.S2|1M,number
Pivot.M.Camarilla.S3Pivot.M.Camarilla.S3Pivot.M.Camarilla.S3|1Pivot.M.Camarilla.S3|5Pivot.M.Camarilla.S3|15Pivot.M.Camarilla.S3|30Pivot.M.Camarilla.S3|60Pivot.M.Camarilla.S3|120Pivot.M.Camarilla.S3|240Pivot.M.Camarilla.S3|1WPivot.M.Camarilla.S3|1M,number
Pivot.M.Classic.MiddlePivot.M.Classic.MiddlePivot.M.Classic.Middle|1Pivot.M.Classic.Middle|5Pivot.M.Classic.Middle|15Pivot.M.Classic.Middle|30Pivot.M.Classic.Middle|60Pivot.M.Classic.Middle|120Pivot.M.Classic.Middle|240Pivot.M.Classic.Middle|1WPivot.M.Classic.Middle|1M,number
Pivot.M.Classic.R1Pivot.M.Classic.R1Pivot.M.Classic.R1|1Pivot.M.Classic.R1|5Pivot.M.Classic.R1|15Pivot.M.Classic.R1|30Pivot.M.Classic.R1|60Pivot.M.Classic.R1|120Pivot.M.Classic.R1|240Pivot.M.Classic.R1|1WPivot.M.Classic.R1|1M,number
Pivot.M.Classic.R2Pivot.M.Classic.R2Pivot.M.Classic.R2|1Pivot.M.Classic.R2|5Pivot.M.Classic.R2|15Pivot.M.Classic.R2|30Pivot.M.Classic.R2|60Pivot.M.Classic.R2|120Pivot.M.Classic.R2|240Pivot.M.Classic.R2|1WPivot.M.Classic.R2|1M,number
Pivot.M.Classic.R3Pivot.M.Classic.R3Pivot.M.Classic.R3|1Pivot.M.Classic.R3|5Pivot.M.Classic.R3|15Pivot.M.Classic.R3|30Pivot.M.Classic.R3|60Pivot.M.Classic.R3|120Pivot.M.Classic.R3|240Pivot.M.Classic.R3|1WPivot.M.Classic.R3|1M,number
Pivot.M.Classic.S1Pivot.M.Classic.S1Pivot.M.Classic.S1|1Pivot.M.Classic.S1|5Pivot.M.Classic.S1|15Pivot.M.Classic.S1|30Pivot.M.Classic.S1|60Pivot.M.Classic.S1|120Pivot.M.Classic.S1|240Pivot.M.Classic.S1|1WPivot.M.Classic.S1|1M,number
Pivot.M.Classic.S2Pivot.M.Classic.S2Pivot.M.Classic.S2|1Pivot.M.Classic.S2|5Pivot.M.Classic.S2|15Pivot.M.Classic.S2|30Pivot.M.Classic.S2|60Pivot.M.Classic.S2|120Pivot.M.Classic.S2|240Pivot.M.Classic.S2|1WPivot.M.Classic.S2|1M,number
Pivot.M.Classic.S3Pivot.M.Classic.S3Pivot.M.Classic.S3|1Pivot.M.Classic.S3|5Pivot.M.Classic.S3|15Pivot.M.Classic.S3|30Pivot.M.Classic.S3|60Pivot.M.Classic.S3|120Pivot.M.Classic.S3|240Pivot.M.Classic.S3|1WPivot.M.Classic.S3|1M,number
Pivot.M.Demark.MiddlePivot.M.Demark.MiddlePivot.M.Demark.Middle|1Pivot.M.Demark.Middle|5Pivot.M.Demark.Middle|15Pivot.M.Demark.Middle|30Pivot.M.Demark.Middle|60Pivot.M.Demark.Middle|120Pivot.M.Demark.Middle|240Pivot.M.Demark.Middle|1WPivot.M.Demark.Middle|1M,number
Pivot.M.Demark.R1Pivot.M.Demark.R1Pivot.M.Demark.R1|1Pivot.M.Demark.R1|5Pivot.M.Demark.R1|15Pivot.M.Demark.R1|30Pivot.M.Demark.R1|60Pivot.M.Demark.R1|120Pivot.M.Demark.R1|240Pivot.M.Demark.R1|1WPivot.M.Demark.R1|1M,number
Pivot.M.Demark.S1Pivot.M.Demark.S1Pivot.M.Demark.S1|1Pivot.M.Demark.S1|5Pivot.M.Demark.S1|15Pivot.M.Demark.S1|30Pivot.M.Demark.S1|60Pivot.M.Demark.S1|120Pivot.M.Demark.S1|240Pivot.M.Demark.S1|1WPivot.M.Demark.S1|1M,number
Pivot.M.Fibonacci.MiddlePivot.M.Fibonacci.MiddlePivot.M.Fibonacci.Middle|1Pivot.M.Fibonacci.Middle|5Pivot.M.Fibonacci.Middle|15Pivot.M.Fibonacci.Middle|30Pivot.M.Fibonacci.Middle|60Pivot.M.Fibonacci.Middle|120Pivot.M.Fibonacci.Middle|240Pivot.M.Fibonacci.Middle|1WPivot.M.Fibonacci.Middle|1M,number
Pivot.M.Fibonacci.R1Pivot.M.Fibonacci.R1Pivot.M.Fibonacci.R1|1Pivot.M.Fibonacci.R1|5Pivot.M.Fibonacci.R1|15Pivot.M.Fibonacci.R1|30Pivot.M.Fibonacci.R1|60Pivot.M.Fibonacci.R1|120Pivot.M.Fibonacci.R1|240Pivot.M.Fibonacci.R1|1WPivot.M.Fibonacci.R1|1M,number
Pivot.M.Fibonacci.R2Pivot.M.Fibonacci.R2Pivot.M.Fibonacci.R2|1Pivot.M.Fibonacci.R2|5Pivot.M.Fibonacci.R2|15Pivot.M.Fibonacci.R2|30Pivot.M.Fibonacci.R2|60Pivot.M.Fibonacci.R2|120Pivot.M.Fibonacci.R2|240Pivot.M.Fibonacci.R2|1WPivot.M.Fibonacci.R2|1M,number
Pivot.M.Fibonacci.R3Pivot.M.Fibonacci.R3Pivot.M.Fibonacci.R3|1Pivot.M.Fibonacci.R3|5Pivot.M.Fibonacci.R3|15Pivot.M.Fibonacci.R3|30Pivot.M.Fibonacci.R3|60Pivot.M.Fibonacci.R3|120Pivot.M.Fibonacci.R3|240Pivot.M.Fibonacci.R3|1WPivot.M.Fibonacci.R3|1M,number
Pivot.M.Fibonacci.S1Pivot.M.Fibonacci.S1Pivot.M.Fibonacci.S1|1Pivot.M.Fibonacci.S1|5Pivot.M.Fibonacci.S1|15Pivot.M.Fibonacci.S1|30Pivot.M.Fibonacci.S1|60Pivot.M.Fibonacci.S1|120Pivot.M.Fibonacci.S1|240Pivot.M.Fibonacci.S1|1WPivot.M.Fibonacci.S1|1M,number
Pivot.M.Fibonacci.S2Pivot.M.Fibonacci.S2Pivot.M.Fibonacci.S2|1Pivot.M.Fibonacci.S2|5Pivot.M.Fibonacci.S2|15Pivot.M.Fibonacci.S2|30Pivot.M.Fibonacci.S2|60Pivot.M.Fibonacci.S2|120Pivot.M.Fibonacci.S2|240Pivot.M.Fibonacci.S2|1WPivot.M.Fibonacci.S2|1M,number
Pivot.M.Fibonacci.S3Pivot.M.Fibonacci.S3Pivot.M.Fibonacci.S3|1Pivot.M.Fibonacci.S3|5Pivot.M.Fibonacci.S3|15Pivot.M.Fibonacci.S3|30Pivot.M.Fibonacci.S3|60Pivot.M.Fibonacci.S3|120Pivot.M.Fibonacci.S3|240Pivot.M.Fibonacci.S3|1WPivot.M.Fibonacci.S3|1M,number
Pivot.M.Woodie.MiddlePivot.M.Woodie.MiddlePivot.M.Woodie.Middle|1Pivot.M.Woodie.Middle|5Pivot.M.Woodie.Middle|15Pivot.M.Woodie.Middle|30Pivot.M.Woodie.Middle|60Pivot.M.Woodie.Middle|120Pivot.M.Woodie.Middle|240Pivot.M.Woodie.Middle|1WPivot.M.Woodie.Middle|1M,number
Pivot.M.Woodie.R1Pivot.M.Woodie.R1Pivot.M.Woodie.R1|1Pivot.M.Woodie.R1|5Pivot.M.Woodie.R1|15Pivot.M.Woodie.R1|30Pivot.M.Woodie.R1|60Pivot.M.Woodie.R1|120Pivot.M.Woodie.R1|240Pivot.M.Woodie.R1|1WPivot.M.Woodie.R1|1M,number
Pivot.M.Woodie.R2Pivot.M.Woodie.R2Pivot.M.Woodie.R2|1Pivot.M.Woodie.R2|5Pivot.M.Woodie.R2|15Pivot.M.Woodie.R2|30Pivot.M.Woodie.R2|60Pivot.M.Woodie.R2|120Pivot.M.Woodie.R2|240Pivot.M.Woodie.R2|1WPivot.M.Woodie.R2|1M,number
Pivot.M.Woodie.R3Pivot.M.Woodie.R3Pivot.M.Woodie.R3|1Pivot.M.Woodie.R3|5Pivot.M.Woodie.R3|15Pivot.M.Woodie.R3|30Pivot.M.Woodie.R3|60Pivot.M.Woodie.R3|120Pivot.M.Woodie.R3|240Pivot.M.Woodie.R3|1WPivot.M.Woodie.R3|1M,number
Pivot.M.Woodie.S1Pivot.M.Woodie.S1Pivot.M.Woodie.S1|1Pivot.M.Woodie.S1|5Pivot.M.Woodie.S1|15Pivot.M.Woodie.S1|30Pivot.M.Woodie.S1|60Pivot.M.Woodie.S1|120Pivot.M.Woodie.S1|240Pivot.M.Woodie.S1|1WPivot.M.Woodie.S1|1M,number
Pivot.M.Woodie.S2Pivot.M.Woodie.S2Pivot.M.Woodie.S2|1Pivot.M.Woodie.S2|5Pivot.M.Woodie.S2|15Pivot.M.Woodie.S2|30Pivot.M.Woodie.S2|60Pivot.M.Woodie.S2|120Pivot.M.Woodie.S2|240Pivot.M.Woodie.S2|1WPivot.M.Woodie.S2|1M,number
Pivot.M.Woodie.S3Pivot.M.Woodie.S3Pivot.M.Woodie.S3|1Pivot.M.Woodie.S3|5Pivot.M.Woodie.S3|15Pivot.M.Woodie.S3|30Pivot.M.Woodie.S3|60Pivot.M.Woodie.S3|120Pivot.M.Woodie.S3|240Pivot.M.Woodie.S3|1WPivot.M.Woodie.S3|1M,number
ADX+DIADX+DIADX+DI|1ADX+DI|5ADX+DI|15ADX+DI|30ADX+DI|60ADX+DI|120ADX+DI|240ADX+DI|1WADX+DI|1M,number
postmarket_change,percent
postmarket_change_abs,price
postmarket_close,price
postmarket_high,price
postmarket_low,price
postmarket_open,price
postmarket_volume,number
premarket_change,percent
premarket_change_abs,price
premarket_change_from_open,percent
premarket_change_from_open_abs,number
premarket_close,price
premarket_gap,percent
premarket_high,price
premarket_low,price
premarket_open,price
premarket_volume,number
pre_tax_margin,percent
price_book_ratio,number
price_book_fq,number
price_free_cash_flow_ttm,number
price_revenue_ttm,number
price_sales_ratio,number
quick_ratio,number
ROCROCROC|1ROC|5ROC|15ROC|30ROC|60ROC|120ROC|240ROC|1WROC|1M,number
earnings_release_date,time
RSI7RSI7RSI7|1RSI7|5RSI7|15RSI7|30RSI7|60RSI7|120RSI7|240RSI7|1WRSI7|1M,number
RSIRSIRSI|1RSI|5RSI|15RSI|30RSI|60RSI|120RSI|240RSI|1WRSI|1M,number
relative_volume_10d_calcrelative_volume_10d_calcrelative_volume_10d_calc|1relative_volume_10d_calc|5relative_volume_10d_calc|15relative_volume_10d_calc|30relative_volume_10d_calc|60relative_volume_10d_calc|120relative_volume_10d_calc|240relative_volume_10d_calc|1Wrelative_volume_10d_calc|1M,number
research_and_dev_ratio_fy,percent
research_and_dev_ratio_ttm,percent
return_on_assets,percent
return_on_equity,percent
return_on_invested_capital,percent
total_revenue_yoy_growth_fy,percent
revenue_per_employee,fundamental_price
total_revenue_qoq_growth_fq,percent
total_revenue_yoy_growth_fq,percent
total_revenue_yoy_growth_ttm,percent
sell_gen_admin_exp_other_ratio_fy,percent
sell_gen_admin_exp_other_ratio_ttm,percent
float_shares_outstanding,number
SMA5SMA5SMA5|1SMA5|5SMA5|15SMA5|30SMA5|60SMA5|120SMA5|240SMA5|1WSMA5|1M,number
SMA10SMA10SMA10|1SMA10|5SMA10|15SMA10|30SMA10|60SMA10|120SMA10|240SMA10|1WSMA10|1M,number
SMA20SMA20SMA20|1SMA20|5SMA20|15SMA20|30SMA20|60SMA20|120SMA20|240SMA20|1WSMA20|1M,number
SMA30SMA30SMA30|1SMA30|5SMA30|15SMA30|30SMA30|60SMA30|120SMA30|240SMA30|1WSMA30|1M,number
SMA50SMA50SMA50|1SMA50|5SMA50|15SMA50|30SMA50|60SMA50|120SMA50|240SMA50|1WSMA50|1M,number
SMA100SMA100SMA100|1SMA100|5SMA100|15SMA100|30SMA100|60SMA100|120SMA100|240SMA100|1WSMA100|1M,number
SMA200SMA200SMA200|1SMA200|5SMA200|15SMA200|30SMA200|60SMA200|120SMA200|240SMA200|1WSMA200|1M,number
Stoch.DStoch.DStoch.D|1Stoch.D|5Stoch.D|15Stoch.D|30Stoch.D|60Stoch.D|120Stoch.D|240Stoch.D|1WStoch.D|1M,number
Stoch.KStoch.KStoch.K|1Stoch.K|5Stoch.K|15Stoch.K|30Stoch.K|60Stoch.K|120Stoch.K|240Stoch.K|1WStoch.K|1M,number
Stoch.RSI.KStoch.RSI.KStoch.RSI.K|1Stoch.RSI.K|5Stoch.RSI.K|15Stoch.RSI.K|30Stoch.RSI.K|60Stoch.RSI.K|120Stoch.RSI.K|240Stoch.RSI.K|1WStoch.RSI.K|1M,number
Stoch.RSI.DStoch.RSI.DStoch.RSI.D|1Stoch.RSI.D|5Stoch.RSI.D|15Stoch.RSI.D|30Stoch.RSI.D|60Stoch.RSI.D|120Stoch.RSI.D|240Stoch.RSI.D|1WStoch.RSI.D|1M,number
submarket,string
total_assets_yoy_growth_fy,percent
total_assets,fundamental_price
total_assets_qoq_growth_fq,percent
total_assets_yoy_growth_fq,percent
total_current_assets,fundamental_price
total_debt_yoy_growth_fy,percent
total_debt,fundamental_price
total_debt_qoq_growth_fq,percent
total_debt_yoy_growth_fq,percent
total_liabilities_fy,fundamental_price
total_liabilities_fq,fundamental_price
total_revenue,fundamental_price
total_shares_outstanding_fundamental,number
UOUOUO|1UO|5UO|15UO|30UO|60UO|120UO|240UO|1WUO|1M,number
earnings_release_next_date,time
Volatility.D,number
Volatility.M,number
Volatility.W,number
VWAPVWAPVWAP|1VWAP|5VWAP|15VWAP|30VWAP|60VWAP|120VWAP|240VWAP|1WVWAP|1M,number
VWMAVWMAVWMA|1VWMA|5VWMA|15VWMA|30VWMA|60VWMA|120VWMA|240VWMA|1WVWMA|1M,number
Perf.W,number
W.RW.RW.R|1W.R|5W.R|15W.R|30W.R|60W.R|120W.R|240W.R|1WW.R|1M,number
Perf.Y,number
Perf.YTD,number
currency,string
total_shares_outstanding,number
market_cap_calc,number
ADRPADRPADRP|1ADRP|5ADRP|15ADRP|30ADRP|60ADRP|120ADRP|240ADRP|1WADRP|1M,number
ADX+DI[1]ADX+DI[1]ADX+DI[1]|1ADX+DI[1]|5ADX+DI[1]|15ADX+DI[1]|30ADX+DI[1]|60ADX+DI[1]|120ADX+DI[1]|240ADX+DI[1]|1WADX+DI[1]|1M,number
ADX+DI_9ADX+DI_9ADX+DI_9|1ADX+DI_9|5ADX+DI_9|15ADX+DI_9|30ADX+DI_9|60ADX+DI_9|120ADX+DI_9|240ADX+DI_9|1WADX+DI_9|1M,number
ADX+DI_20ADX+DI_20ADX+DI_20|1ADX+DI_20|5ADX+DI_20|15ADX+DI_20|30ADX+DI_20|60ADX+DI_20|120ADX+DI_20|240ADX+DI_20|1WADX+DI_20|1M,number
ADX+DI_100ADX+DI_100|1ADX+DI_100|5ADX+DI_100|15ADX+DI_100|30ADX+DI_100|60ADX+DI_100|120ADX+DI_100|240ADX+DI_100|1WADX+DI_100|1MADX+DI_100,number
ADX+DI_100[1]ADX+DI_100[1]ADX+DI_100[1]|1ADX+DI_100[1]|5ADX+DI_100[1]|15ADX+DI_100[1]|30ADX+DI_100[1]|60ADX+DI_100[1]|120ADX+DI_100[1]|240ADX+DI_100[1]|1WADX+DI_100[1]|1M,number
ADX+DI_50ADX+DI_50ADX+DI_50|1ADX+DI_50|5ADX+DI_50|15ADX+DI_50|30ADX+DI_50|60ADX+DI_50|120ADX+DI_50|240ADX+DI_50|1WADX+DI_50|1M,number
ADX+DI_20[1]ADX+DI_20[1]ADX+DI_20[1]|1ADX+DI_20[1]|5ADX+DI_20[1]|15ADX+DI_20[1]|30ADX+DI_20[1]|60ADX+DI_20[1]|120ADX+DI_20[1]|240ADX+DI_20[1]|1WADX+DI_20[1]|1M,number
ADX+DI_50[1]ADX+DI_50[1]ADX+DI_50[1]|1ADX+DI_50[1]|5ADX+DI_50[1]|15ADX+DI_50[1]|30ADX+DI_50[1]|60ADX+DI_50[1]|120ADX+DI_50[1]|240ADX+DI_50[1]|1WADX+DI_50[1]|1M,number
ADX+DI_9[1]ADX+DI_9[1]ADX+DI_9[1]|1ADX+DI_9[1]|5ADX+DI_9[1]|15ADX+DI_9[1]|30ADX+DI_9[1]|60ADX+DI_9[1]|120ADX+DI_9[1]|240ADX+DI_9[1]|1WADX+DI_9[1]|1M,number
ADX-DI[1]ADX-DI[1]ADX-DI[1]|1ADX-DI[1]|5ADX-DI[1]|15ADX-DI[1]|30ADX-DI[1]|60ADX-DI[1]|120ADX-DI[1]|240ADX-DI[1]|1WADX-DI[1]|1M,number
ADX-DI_9ADX-DI_9ADX-DI_9|1ADX-DI_9|5ADX-DI_9|15ADX-DI_9|30ADX-DI_9|60ADX-DI_9|120ADX-DI_9|240ADX-DI_9|1WADX-DI_9|1M,number
ADX-DI_20ADX-DI_20ADX-DI_20|1ADX-DI_20|5ADX-DI_20|15ADX-DI_20|30ADX-DI_20|60ADX-DI_20|120ADX-DI_20|240ADX-DI_20|1WADX-DI_20|1M,number
ADX-DI_100ADX-DI_100|1ADX-DI_100|5ADX-DI_100|15ADX-DI_100|30ADX-DI_100|60ADX-DI_100|120ADX-DI_100|240ADX-DI_100|1WADX-DI_100|1MADX-DI_100,number
ADX-DI_100[1]ADX-DI_100[1]ADX-DI_100[1]|1ADX-DI_100[1]|5ADX-DI_100[1]|15ADX-DI_100[1]|30ADX-DI_100[1]|60ADX-DI_100[1]|120ADX-DI_100[1]|240ADX-DI_100[1]|1WADX-DI_100[1]|1M,number
ADX-DI_50ADX-DI_50ADX-DI_50|1ADX-DI_50|5ADX-DI_50|15ADX-DI_50|30ADX-DI_50|60ADX-DI_50|120ADX-DI_50|240ADX-DI_50|1WADX-DI_50|1M,number
ADX-DI_20[1]ADX-DI_20[1]ADX-DI_20[1]|1ADX-DI_20[1]|5ADX-DI_20[1]|15ADX-DI_20[1]|30ADX-DI_20[1]|60ADX-DI_20[1]|120ADX-DI_20[1]|240ADX-DI_20[1]|1WADX-DI_20[1]|1M,number
ADX-DI_50[1]ADX-DI_50[1]ADX-DI_50[1]|1ADX-DI_50[1]|5ADX-DI_50[1]|15ADX-DI_50[1]|30ADX-DI_50[1]|60ADX-DI_50[1]|120ADX-DI_50[1]|240ADX-DI_50[1]|1WADX-DI_50[1]|1M,number
ADX-DI_9[1]ADX-DI_9[1]ADX-DI_9[1]|1ADX-DI_9[1]|5ADX-DI_9[1]|15ADX-DI_9[1]|30ADX-DI_9[1]|60ADX-DI_9[1]|120ADX-DI_9[1]|240ADX-DI_9[1]|1WADX-DI_9[1]|1M,number
ADX_9ADX_9ADX_9|1ADX_9|5ADX_9|15ADX_9|30ADX_9|60ADX_9|120ADX_9|240ADX_9|1WADX_9|1M,number
ADX_20ADX_20ADX_20|1ADX_20|5ADX_20|15ADX_20|30ADX_20|60ADX_20|120ADX_20|240ADX_20|1WADX_20|1M,number
ADX_100ADX_100|1ADX_100|5ADX_100|15ADX_100|30ADX_100|60ADX_100|120ADX_100|240ADX_100|1WADX_100|1MADX_100,number
ADX_50ADX_50ADX_50|1ADX_50|5ADX_50|15ADX_50|30ADX_50|60ADX_50|120ADX_50|240ADX_50|1WADX_50|1M,number
AO[1]AO[1]AO[1]|1AO[1]|5AO[1]|15AO[1]|30AO[1]|60AO[1]|120AO[1]|240AO[1]|1WAO[1]|1M,number
AO[2]AO[2]AO[2]|1AO[2]|5AO[2]|15AO[2]|30AO[2]|60AO[2]|120AO[2]|240AO[2]|1WAO[2]|1M,number
ATRPATRPATRP|1ATRP|5ATRP|15ATRP|30ATRP|60ATRP|120ATRP|240ATRP|1WATRP|1M,number
AvgValue.Traded_10d,number
AvgValue.Traded_30d,number
AvgValue.Traded_60d,number
AvgValue.Traded_90d,number
BB.basisBB.basisBB.basis|1BB.basis|5BB.basis|15BB.basis|30BB.basis|60BB.basis|120BB.basis|240BB.basis|1WBB.basis|1M,number
BB.basis_50BB.basis_50BB.basis_50|1BB.basis_50|5BB.basis_50|15BB.basis_50|30BB.basis_50|60BB.basis_50|120BB.basis_50|240BB.basis_50|1WBB.basis_50|1M,number
BB.lower_50BB.lower_50BB.lower_50|1BB.lower_50|5BB.lower_50|15BB.lower_50|30BB.lower_50|60BB.lower_50|120BB.lower_50|240BB.lower_50|1WBB.lower_50|1M,number
BB.upper_50BB.upper_50BB.upper_50|1BB.upper_50|5BB.upper_50|15BB.upper_50|30BB.upper_50|60BB.upper_50|120BB.upper_50|240BB.upper_50|1WBB.upper_50|1M,number
CCI20[1]CCI20[1]CCI20[1]|1CCI20[1]|5CCI20[1]|15CCI20[1]|30CCI20[1]|60CCI20[1]|120CCI20[1]|240CCI20[1]|1WCCI20[1]|1M,number
Candle.3BlackCrowsCandle.3BlackCrowsCandle.3BlackCrows|1Candle.3BlackCrows|5Candle.3BlackCrows|15Candle.3BlackCrows|30Candle.3BlackCrows|60Candle.3BlackCrows|120Candle.3BlackCrows|240Candle.3BlackCrows|1WCandle.3BlackCrows|1M,number
Candle.3WhiteSoldiersCandle.3WhiteSoldiersCandle.3WhiteSoldiers|1Candle.3WhiteSoldiers|5Candle.3WhiteSoldiers|15Candle.3WhiteSoldiers|30Candle.3WhiteSoldiers|60Candle.3WhiteSoldiers|120Candle.3WhiteSoldiers|240Candle.3WhiteSoldiers|1WCandle.3WhiteSoldiers|1M,number
Candle.AbandonedBaby.BearishCandle.AbandonedBaby.BearishCandle.AbandonedBaby.Bearish|1Candle.AbandonedBaby.Bearish|5Candle.AbandonedBaby.Bearish|15Candle.AbandonedBaby.Bearish|30Candle.AbandonedBaby.Bearish|60Candle.AbandonedBaby.Bearish|120Candle.AbandonedBaby.Bearish|240Candle.AbandonedBaby.Bearish|1WCandle.AbandonedBaby.Bearish|1M,number
Candle.AbandonedBaby.BullishCandle.AbandonedBaby.BullishCandle.AbandonedBaby.Bullish|1Candle.AbandonedBaby.Bullish|5Candle.AbandonedBaby.Bullish|15Candle.AbandonedBaby.Bullish|30Candle.AbandonedBaby.Bullish|60Candle.AbandonedBaby.Bullish|120Candle.AbandonedBaby.Bullish|240Candle.AbandonedBaby.Bullish|1WCandle.AbandonedBaby.Bullish|1M,number
Candle.DojiCandle.DojiCandle.Doji|1Candle.Doji|5Candle.Doji|15Candle.Doji|30Candle.Doji|60Candle.Doji|120Candle.Doji|240Candle.Doji|1WCandle.Doji|1M,number
Candle.Doji.DragonflyCandle.Doji.DragonflyCandle.Doji.Dragonfly|1Candle.Doji.Dragonfly|5Candle.Doji.Dragonfly|15Candle.Doji.Dragonfly|30Candle.Doji.Dragonfly|60Candle.Doji.Dragonfly|120Candle.Doji.Dragonfly|240Candle.Doji.Dragonfly|1WCandle.Doji.Dragonfly|1M,number
Candle.Doji.GravestoneCandle.Doji.GravestoneCandle.Doji.Gravestone|1Candle.Doji.Gravestone|5Candle.Doji.Gravestone|15Candle.Doji.Gravestone|30Candle.Doji.Gravestone|60Candle.Doji.Gravestone|120Candle.Doji.Gravestone|240Candle.Doji.Gravestone|1WCandle.Doji.Gravestone|1M,number
Candle.Engulfing.BearishCandle.Engulfing.BearishCandle.Engulfing.Bearish|1Candle.Engulfing.Bearish|5Candle.Engulfing.Bearish|15Candle.Engulfing.Bearish|30Candle.Engulfing.Bearish|60Candle.Engulfing.Bearish|120Candle.Engulfing.Bearish|240Candle.Engulfing.Bearish|1WCandle.Engulfing.Bearish|1M,number
Candle.Engulfing.BullishCandle.Engulfing.BullishCandle.Engulfing.Bullish|1Candle.Engulfing.Bullish|5Candle.Engulfing.Bullish|15Candle.Engulfing.Bullish|30Candle.Engulfing.Bullish|60Candle.Engulfing.Bullish|120Candle.Engulfing.Bullish|240Candle.Engulfing.Bullish|1WCandle.Engulfing.Bullish|1M,number
Candle.EveningStarCandle.EveningStarCandle.EveningStar|1Candle.EveningStar|5Candle.EveningStar|15Candle.EveningStar|30Candle.EveningStar|60Candle.EveningStar|120Candle.EveningStar|240Candle.EveningStar|1WCandle.EveningStar|1M,number
Candle.HammerCandle.HammerCandle.Hammer|1Candle.Hammer|5Candle.Hammer|15Candle.Hammer|30Candle.Hammer|60Candle.Hammer|120Candle.Hammer|240Candle.Hammer|1WCandle.Hammer|1M,number
Candle.HangingManCandle.HangingManCandle.HangingMan|1Candle.HangingMan|5Candle.HangingMan|15Candle.HangingMan|30Candle.HangingMan|60Candle.HangingMan|120Candle.HangingMan|240Candle.HangingMan|1WCandle.HangingMan|1M,number
Candle.Harami.BearishCandle.Harami.BearishCandle.Harami.Bearish|1Candle.Harami.Bearish|5Candle.Harami.Bearish|15Candle.Harami.Bearish|30Candle.Harami.Bearish|60Candle.Harami.Bearish|120Candle.Harami.Bearish|240Candle.Harami.Bearish|1WCandle.Harami.Bearish|1M,number
Candle.Harami.BullishCandle.Harami.BullishCandle.Harami.Bullish|1Candle.Harami.Bullish|5Candle.Harami.Bullish|15Candle.Harami.Bullish|30Candle.Harami.Bullish|60Candle.Harami.Bullish|120Candle.Harami.Bullish|240Candle.Harami.Bullish|1WCandle.Harami.Bullish|1M,number
Candle.InvertedHammerCandle.InvertedHammerCandle.InvertedHammer|1Candle.InvertedHammer|5Candle.InvertedHammer|15Candle.InvertedHammer|30Candle.InvertedHammer|60Candle.InvertedHammer|120Candle.InvertedHammer|240Candle.InvertedHammer|1WCandle.InvertedHammer|1M,number
Candle.Kicking.BearishCandle.Kicking.BearishCandle.Kicking.Bearish|1Candle.Kicking.Bearish|5Candle.Kicking.Bearish|15Candle.Kicking.Bearish|30Candle.Kicking.Bearish|60Candle.Kicking.Bearish|120Candle.Kicking.Bearish|240Candle.Kicking.Bearish|1WCandle.Kicking.Bearish|1M,number
Candle.Kicking.BullishCandle.Kicking.BullishCandle.Kicking.Bullish|1Candle.Kicking.Bullish|5Candle.Kicking.Bullish|15Candle.Kicking.Bullish|30Candle.Kicking.Bullish|60Candle.Kicking.Bullish|120Candle.Kicking.Bullish|240Candle.Kicking.Bullish|1WCandle.Kicking.Bullish|1M,number
Candle.LongShadow.LowerCandle.LongShadow.LowerCandle.LongShadow.Lower|1Candle.LongShadow.Lower|5Candle.LongShadow.Lower|15Candle.LongShadow.Lower|30Candle.LongShadow.Lower|60Candle.LongShadow.Lower|120Candle.LongShadow.Lower|240Candle.LongShadow.Lower|1WCandle.LongShadow.Lower|1M,number
Candle.LongShadow.UpperCandle.LongShadow.UpperCandle.LongShadow.Upper|1Candle.LongShadow.Upper|5Candle.LongShadow.Upper|15Candle.LongShadow.Upper|30Candle.LongShadow.Upper|60Candle.LongShadow.Upper|120Candle.LongShadow.Upper|240Candle.LongShadow.Upper|1WCandle.LongShadow.Upper|1M,number
Candle.Marubozu.BlackCandle.Marubozu.BlackCandle.Marubozu.Black|1Candle.Marubozu.Black|5Candle.Marubozu.Black|15Candle.Marubozu.Black|30Candle.Marubozu.Black|60Candle.Marubozu.Black|120Candle.Marubozu.Black|240Candle.Marubozu.Black|1WCandle.Marubozu.Black|1M,number
Candle.Marubozu.WhiteCandle.Marubozu.WhiteCandle.Marubozu.White|1Candle.Marubozu.White|5Candle.Marubozu.White|15Candle.Marubozu.White|30Candle.Marubozu.White|60Candle.Marubozu.White|120Candle.Marubozu.White|240Candle.Marubozu.White|1WCandle.Marubozu.White|1M,number
Candle.MorningStarCandle.MorningStarCandle.MorningStar|1Candle.MorningStar|5Candle.MorningStar|15Candle.MorningStar|30Candle.MorningStar|60Candle.MorningStar|120Candle.MorningStar|240Candle.MorningStar|1WCandle.MorningStar|1M,number
Candle.ShootingStarCandle.ShootingStarCandle.ShootingStar|1Candle.ShootingStar|5Candle.ShootingStar|15Candle.ShootingStar|30Candle.ShootingStar|60Candle.ShootingStar|120Candle.ShootingStar|240Candle.ShootingStar|1WCandle.ShootingStar|1M,number
Candle.SpinningTop.BlackCandle.SpinningTop.BlackCandle.SpinningTop.Black|1Candle.SpinningTop.Black|5Candle.SpinningTop.Black|15Candle.SpinningTop.Black|30Candle.SpinningTop.Black|60Candle.SpinningTop.Black|120Candle.SpinningTop.Black|240Candle.SpinningTop.Black|1WCandle.SpinningTop.Black|1M,number
Candle.SpinningTop.WhiteCandle.SpinningTop.WhiteCandle.SpinningTop.White|1Candle.SpinningTop.White|5Candle.SpinningTop.White|15Candle.SpinningTop.White|30Candle.SpinningTop.White|60Candle.SpinningTop.White|120Candle.SpinningTop.White|240Candle.SpinningTop.White|1WCandle.SpinningTop.White|1M,number
Candle.TriStar.BearishCandle.TriStar.BearishCandle.TriStar.Bearish|1Candle.TriStar.Bearish|5Candle.TriStar.Bearish|15Candle.TriStar.Bearish|30Candle.TriStar.Bearish|60Candle.TriStar.Bearish|120Candle.TriStar.Bearish|240Candle.TriStar.Bearish|1WCandle.TriStar.Bearish|1M,number
Candle.TriStar.BullishCandle.TriStar.BullishCandle.TriStar.Bullish|1Candle.TriStar.Bullish|5Candle.TriStar.Bullish|15Candle.TriStar.Bullish|30Candle.TriStar.Bullish|60Candle.TriStar.Bullish|120Candle.TriStar.Bullish|240Candle.TriStar.Bullish|1WCandle.TriStar.Bullish|1M,number
DonchCh20.MiddleDonchCh20.MiddleDonchCh20.Middle|1DonchCh20.Middle|5DonchCh20.Middle|15DonchCh20.Middle|30DonchCh20.Middle|60DonchCh20.Middle|120DonchCh20.Middle|240DonchCh20.Middle|1WDonchCh20.Middle|1M,number
EMA2EMA2EMA2|1EMA2|5EMA2|15EMA2|30EMA2|60EMA2|120EMA2|240EMA2|1WEMA2|1M,number
EMA3EMA3EMA3|1EMA3|5EMA3|15EMA3|30EMA3|60EMA3|120EMA3|240EMA3|1WEMA3|1M,number
EMA6EMA6EMA6|1EMA6|5EMA6|15EMA6|30EMA6|60EMA6|120EMA6|240EMA6|1WEMA6|1M,number
EMA7EMA7EMA7|1EMA7|5EMA7|15EMA7|30EMA7|60EMA7|120EMA7|240EMA7|1WEMA7|1M,number
EMA8EMA8EMA8|1EMA8|5EMA8|15EMA8|30EMA8|60EMA8|120EMA8|240EMA8|1WEMA8|1M,number
EMA9EMA9EMA9|1EMA9|5EMA9|15EMA9|30EMA9|60EMA9|120EMA9|240EMA9|1WEMA9|1M,number
EMA12EMA12EMA12|1EMA12|5EMA12|15EMA12|30EMA12|60EMA12|120EMA12|240EMA12|1WEMA12|1M,number
EMA13EMA13EMA13|1EMA13|5EMA13|15EMA13|30EMA13|60EMA13|120EMA13|240EMA13|1WEMA13|1M,number
EMA14EMA14EMA14|1EMA14|5EMA14|15EMA14|30EMA14|60EMA14|120EMA14|240EMA14|1WEMA14|1M,number
EMA15EMA15EMA15|1EMA15|5EMA15|15EMA15|30EMA15|60EMA15|120EMA15|240EMA15|1WEMA15|1M,number
EMA21EMA21EMA21|1EMA21|5EMA21|15EMA21|30EMA21|60EMA21|120EMA21|240EMA21|1WEMA21|1M,number
EMA25EMA25EMA25|1EMA25|5EMA25|15EMA25|30EMA25|60EMA25|120EMA25|240EMA25|1WEMA25|1M,number
EMA26EMA26EMA26|1EMA26|5EMA26|15EMA26|30EMA26|60EMA26|120EMA26|240EMA26|1WEMA26|1M,number
EMA34EMA34EMA34|1EMA34|5EMA34|15EMA34|30EMA34|60EMA34|120EMA34|240EMA34|1WEMA34|1M,number
EMA40EMA40EMA40|1EMA40|5EMA40|15EMA40|30EMA40|60EMA40|120EMA40|240EMA40|1WEMA40|1M,number
EMA120EMA120|1EMA120|5EMA120|15EMA120|30EMA120|60EMA120|120EMA120|240EMA120|1WEMA120|1MEMA120,number
EMA144EMA144|1EMA144|5EMA144|15EMA144|30EMA144|60EMA144|120EMA144|240EMA144|1WEMA144|1MEMA144,number
EMA150EMA150|1EMA150|5EMA150|15EMA150|30EMA150|60EMA150|120EMA150|240EMA150|1WEMA150|1MEMA150,number
EMA250EMA250|1EMA250|5EMA250|15EMA250|30EMA250|60EMA250|120EMA250|240EMA250|1WEMA250|1MEMA250,number
EMA300EMA300|1EMA300|5EMA300|15EMA300|30EMA300|60EMA300|120EMA300|240EMA300|1WEMA300|1MEMA300,number
EMA55EMA55|1EMA55|5EMA55|15EMA55|30EMA55|60EMA55|120EMA55|240EMA55|1WEMA55|1MEMA55,number
EMA60EMA60|1EMA60|5EMA60|15EMA60|30EMA60|60EMA60|120EMA60|240EMA60|1WEMA60|1MEMA60,number
EMA75EMA75|1EMA75|5EMA75|15EMA75|30EMA75|60EMA75|120EMA75|240EMA75|1WEMA75|1MEMA75,number
EMA89EMA89|1EMA89|5EMA89|15EMA89|30EMA89|60EMA89|120EMA89|240EMA89|1WEMA89|1MEMA89,number
High.1M.Date,time
High.3M.Date,time
High.5D,number
High.6M.Date,time
High.All.Calc,number
High.All.Calc.Date,time
High.All.Date,time
HullMA20HullMA20HullMA20|1HullMA20|5HullMA20|15HullMA20|30HullMA20|60HullMA20|120HullMA20|240HullMA20|1WHullMA20|1M,number
HullMA200HullMA200|1HullMA200|5HullMA200|15HullMA200|30HullMA200|60HullMA200|120HullMA200|240HullMA200|1WHullMA200|1MHullMA200,number
Ichimoku.BLine_20_60_120_30Ichimoku.BLine_20_60_120_30Ichimoku.BLine_20_60_120_30|1Ichimoku.BLine_20_60_120_30|5Ichimoku.BLine_20_60_120_30|15Ichimoku.BLine_20_60_120_30|30Ichimoku.BLine_20_60_120_30|60Ichimoku.BLine_20_60_120_30|120Ichimoku.BLine_20_60_120_30|240Ichimoku.BLine_20_60_120_30|1WIchimoku.BLine_20_60_120_30|1M,number
Ichimoku.CLine_20_60_120_30Ichimoku.CLine_20_60_120_30Ichimoku.CLine_20_60_120_30|1Ichimoku.CLine_20_60_120_30|5Ichimoku.CLine_20_60_120_30|15Ichimoku.CLine_20_60_120_30|30Ichimoku.CLine_20_60_120_30|60Ichimoku.CLine_20_60_120_30|120Ichimoku.CLine_20_60_120_30|240Ichimoku.CLine_20_60_120_30|1WIchimoku.CLine_20_60_120_30|1M,number
Ichimoku.Lead1_20_60_120_30Ichimoku.Lead1_20_60_120_30Ichimoku.Lead1_20_60_120_30|1Ichimoku.Lead1_20_60_120_30|5Ichimoku.Lead1_20_60_120_30|15Ichimoku.Lead1_20_60_120_30|30Ichimoku.Lead1_20_60_120_30|60Ichimoku.Lead1_20_60_120_30|120Ichimoku.Lead1_20_60_120_30|240Ichimoku.Lead1_20_60_120_30|1WIchimoku.Lead1_20_60_120_30|1M,number
Ichimoku.Lead2_20_60_120_30Ichimoku.Lead2_20_60_120_30Ichimoku.Lead2_20_60_120_30|1Ichimoku.Lead2_20_60_120_30|5Ichimoku.Lead2_20_60_120_30|15Ichimoku.Lead2_20_60_120_30|30Ichimoku.Lead2_20_60_120_30|60Ichimoku.Lead2_20_60_120_30|120Ichimoku.Lead2_20_60_120_30|240Ichimoku.Lead2_20_60_120_30|1WIchimoku.Lead2_20_60_120_30|1M,number
KltChnl.basisKltChnl.basisKltChnl.basis|1KltChnl.basis|5KltChnl.basis|15KltChnl.basis|30KltChnl.basis|60KltChnl.basis|120KltChnl.basis|240KltChnl.basis|1WKltChnl.basis|1M,number
Low.1M.Date,time
Low.3M.Date,time
Low.5D,number
Low.6M.Date,time
Low.After.High.All,price
Low.All.Calc,number
Low.All.Calc.Date,time
Low.All.Date,time
MACD.histMACD.histMACD.hist|1MACD.hist|5MACD.hist|15MACD.hist|30MACD.hist|60MACD.hist|120MACD.hist|240MACD.hist|1WMACD.hist|1M,number
Mom[1]Mom[1]Mom[1]|1Mom[1]|5Mom[1]|15Mom[1]|30Mom[1]|60Mom[1]|120Mom[1]|240Mom[1]|1WMom[1]|1M,number
Mom_14Mom_14Mom_14|1Mom_14|5Mom_14|15Mom_14|30Mom_14|60Mom_14|120Mom_14|240Mom_14|1WMom_14|1M,number
Mom_14[1]Mom_14[1]Mom_14[1]|1Mom_14[1]|5Mom_14[1]|15Mom_14[1]|30Mom_14[1]|60Mom_14[1]|120Mom_14[1]|240Mom_14[1]|1WMom_14[1]|1M,number
Open.All.Calc,number
Perf.10Y,number
Perf.1M.MarketCap,number
Perf.1W.MarketCap,number
Perf.1Y.MarketCap,number
Perf.3M.MarketCap,number
Perf.3Y,number
Perf.5D,number
Perf.5Y.MarketCap,number
Perf.6M.MarketCap,number
Perf.YTD.MarketCap,number
RSI2RSI2RSI2|1RSI2|5RSI2|15RSI2|30RSI2|60RSI2|120RSI2|240RSI2|1WRSI2|1M,number
RSI3RSI3RSI3|1RSI3|5RSI3|15RSI3|30RSI3|60RSI3|120RSI3|240RSI3|1WRSI3|1M,number
RSI4RSI4RSI4|1RSI4|5RSI4|15RSI4|30RSI4|60RSI4|120RSI4|240RSI4|1WRSI4|1M,number
RSI5RSI5RSI5|1RSI5|5RSI5|15RSI5|30RSI5|60RSI5|120RSI5|240RSI5|1WRSI5|1M,number
RSI9RSI9RSI9|1RSI9|5RSI9|15RSI9|30RSI9|60RSI9|120RSI9|240RSI9|1WRSI9|1M,number
RSI10RSI10RSI10|1RSI10|5RSI10|15RSI10|30RSI10|60RSI10|120RSI10|240RSI10|1WRSI10|1M,number
RSI20RSI20RSI20|1RSI20|5RSI20|15RSI20|30RSI20|60RSI20|120RSI20|240RSI20|1WRSI20|1M,number
RSI21RSI21RSI21|1RSI21|5RSI21|15RSI21|30RSI21|60RSI21|120RSI21|240RSI21|1WRSI21|1M,number
RSI30RSI30RSI30|1RSI30|5RSI30|15RSI30|30RSI30|60RSI30|120RSI30|240RSI30|1WRSI30|1M,number
RSI10[1]RSI10[1]RSI10[1]|1RSI10[1]|5RSI10[1]|15RSI10[1]|30RSI10[1]|60RSI10[1]|120RSI10[1]|240RSI10[1]|1WRSI10[1]|1M,number
RSI20[1]RSI20[1]RSI20[1]|1RSI20[1]|5RSI20[1]|15RSI20[1]|30RSI20[1]|60RSI20[1]|120RSI20[1]|240RSI20[1]|1WRSI20[1]|1M,number
RSI21[1]RSI21[1]RSI21[1]|1RSI21[1]|5RSI21[1]|15RSI21[1]|30RSI21[1]|60RSI21[1]|120RSI21[1]|240RSI21[1]|1WRSI21[1]|1M,number
RSI2[1]RSI2[1]RSI2[1]|1RSI2[1]|5RSI2[1]|15RSI2[1]|30RSI2[1]|60RSI2[1]|120RSI2[1]|240RSI2[1]|1WRSI2[1]|1M,number
RSI30[1]RSI30[1]RSI30[1]|1RSI30[1]|5RSI30[1]|15RSI30[1]|30RSI30[1]|60RSI30[1]|120RSI30[1]|240RSI30[1]|1WRSI30[1]|1M,number
RSI3[1]RSI3[1]RSI3[1]|1RSI3[1]|5RSI3[1]|15RSI3[1]|30RSI3[1]|60RSI3[1]|120RSI3[1]|240RSI3[1]|1WRSI3[1]|1M,number
RSI4[1]RSI4[1]RSI4[1]|1RSI4[1]|5RSI4[1]|15RSI4[1]|30RSI4[1]|60RSI4[1]|120RSI4[1]|240RSI4[1]|1WRSI4[1]|1M,number
RSI5[1]RSI5[1]RSI5[1]|1RSI5[1]|5RSI5[1]|15RSI5[1]|30RSI5[1]|60RSI5[1]|120RSI5[1]|240RSI5[1]|1WRSI5[1]|1M,number
RSI7[1]RSI7[1]RSI7[1]|1RSI7[1]|5RSI7[1]|15RSI7[1]|30RSI7[1]|60RSI7[1]|120RSI7[1]|240RSI7[1]|1WRSI7[1]|1M,number
RSI9[1]RSI9[1]RSI9[1]|1RSI9[1]|5RSI9[1]|15RSI9[1]|30RSI9[1]|60RSI9[1]|120RSI9[1]|240RSI9[1]|1WRSI9[1]|1M,number
RSI[1]RSI[1]RSI[1]|1RSI[1]|5RSI[1]|15RSI[1]|30RSI[1]|60RSI[1]|120RSI[1]|240RSI[1]|1WRSI[1]|1M,number
Rec.BBPowerRec.BBPowerRec.BBPower|1Rec.BBPower|5Rec.BBPower|15Rec.BBPower|30Rec.BBPower|60Rec.BBPower|120Rec.BBPower|240Rec.BBPower|1WRec.BBPower|1M,number
Rec.HullMA9Rec.HullMA9Rec.HullMA9|1Rec.HullMA9|5Rec.HullMA9|15Rec.HullMA9|30Rec.HullMA9|60Rec.HullMA9|120Rec.HullMA9|240Rec.HullMA9|1WRec.HullMA9|1M,number
Rec.IchimokuRec.IchimokuRec.Ichimoku|1Rec.Ichimoku|5Rec.Ichimoku|15Rec.Ichimoku|30Rec.Ichimoku|60Rec.Ichimoku|120Rec.Ichimoku|240Rec.Ichimoku|1WRec.Ichimoku|1M,number
Rec.Stoch.RSIRec.Stoch.RSIRec.Stoch.RSI|1Rec.Stoch.RSI|5Rec.Stoch.RSI|15Rec.Stoch.RSI|30Rec.Stoch.RSI|60Rec.Stoch.RSI|120Rec.Stoch.RSI|240Rec.Stoch.RSI|1WRec.Stoch.RSI|1M,number
Rec.UORec.UORec.UO|1Rec.UO|5Rec.UO|15Rec.UO|30Rec.UO|60Rec.UO|120Rec.UO|240Rec.UO|1WRec.UO|1M,number
Rec.VWMARec.VWMARec.VWMA|1Rec.VWMA|5Rec.VWMA|15Rec.VWMA|30Rec.VWMA|60Rec.VWMA|120Rec.VWMA|240Rec.VWMA|1WRec.VWMA|1M,number
Rec.WRRec.WRRec.WR|1Rec.WR|5Rec.WR|15Rec.WR|30Rec.WR|60Rec.WR|120Rec.WR|240Rec.WR|1WRec.WR|1M,number
SMA2SMA2SMA2|1SMA2|5SMA2|15SMA2|30SMA2|60SMA2|120SMA2|240SMA2|1WSMA2|1M,number
SMA3SMA3SMA3|1SMA3|5SMA3|15SMA3|30SMA3|60SMA3|120SMA3|240SMA3|1WSMA3|1M,number
SMA6SMA6SMA6|1SMA6|5SMA6|15SMA6|30SMA6|60SMA6|120SMA6|240SMA6|1WSMA6|1M,number
SMA7SMA7SMA7|1SMA7|5SMA7|15SMA7|30SMA7|60SMA7|120SMA7|240SMA7|1WSMA7|1M,number
SMA8SMA8SMA8|1SMA8|5SMA8|15SMA8|30SMA8|60SMA8|120SMA8|240SMA8|1WSMA8|1M,number
SMA9SMA9SMA9|1SMA9|5SMA9|15SMA9|30SMA9|60SMA9|120SMA9|240SMA9|1WSMA9|1M,number
SMA12SMA12SMA12|1SMA12|5SMA12|15SMA12|30SMA12|60SMA12|120SMA12|240SMA12|1WSMA12|1M,number
SMA13SMA13SMA13|1SMA13|5SMA13|15SMA13|30SMA13|60SMA13|120SMA13|240SMA13|1WSMA13|1M,number
SMA14SMA14SMA14|1SMA14|5SMA14|15SMA14|30SMA14|60SMA14|120SMA14|240SMA14|1WSMA14|1M,number
SMA15SMA15SMA15|1SMA15|5SMA15|15SMA15|30SMA15|60SMA15|120SMA15|240SMA15|1WSMA15|1M,number
SMA21SMA21SMA21|1SMA21|5SMA21|15SMA21|30SMA21|60SMA21|120SMA21|240SMA21|1WSMA21|1M,number
SMA25SMA25SMA25|1SMA25|5SMA25|15SMA25|30SMA25|60SMA25|120SMA25|240SMA25|1WSMA25|1M,number
SMA26SMA26SMA26|1SMA26|5SMA26|15SMA26|30SMA26|60SMA26|120SMA26|240SMA26|1WSMA26|1M,number
SMA34SMA34SMA34|1SMA34|5SMA34|15SMA34|30SMA34|60SMA34|120SMA34|240SMA34|1WSMA34|1M,number
SMA40SMA40SMA40|1SMA40|5SMA40|15SMA40|30SMA40|60SMA40|120SMA40|240SMA40|1WSMA40|1M,number
SMA120SMA120|1SMA120|5SMA120|15SMA120|30SMA120|60SMA120|120SMA120|240SMA120|1WSMA120|1MSMA120,number
SMA144SMA144|1SMA144|5SMA144|15SMA144|30SMA144|60SMA144|120SMA144|240SMA144|1WSMA144|1MSMA144,number
SMA150SMA150|1SMA150|5SMA150|15SMA150|30SMA150|60SMA150|120SMA150|240SMA150|1WSMA150|1MSMA150,number
SMA250SMA250|1SMA250|5SMA250|15SMA250|30SMA250|60SMA250|120SMA250|240SMA250|1WSMA250|1MSMA250,number
SMA300SMA300|1SMA300|5SMA300|15SMA300|30SMA300|60SMA300|120SMA300|240SMA300|1WSMA300|1MSMA300,number
SMA55SMA55|1SMA55|5SMA55|15SMA55|30SMA55|60SMA55|120SMA55|240SMA55|1WSMA55|1MSMA55,number
SMA60SMA60|1SMA60|5SMA60|15SMA60|30SMA60|60SMA60|120SMA60|240SMA60|1WSMA60|1MSMA60,number
SMA75SMA75|1SMA75|5SMA75|15SMA75|30SMA75|60SMA75|120SMA75|240SMA75|1WSMA75|1MSMA75,number
SMA89SMA89|1SMA89|5SMA89|15SMA89|30SMA89|60SMA89|120SMA89|240SMA89|1WSMA89|1MSMA89,number
Stoch.D[1]Stoch.D[1]Stoch.D[1]|1Stoch.D[1]|5Stoch.D[1]|15Stoch.D[1]|30Stoch.D[1]|60Stoch.D[1]|120Stoch.D[1]|240Stoch.D[1]|1WStoch.D[1]|1M,number
Stoch.D_14_1_3Stoch.D_14_1_3Stoch.D_14_1_3|1Stoch.D_14_1_3|5Stoch.D_14_1_3|15Stoch.D_14_1_3|30Stoch.D_14_1_3|60Stoch.D_14_1_3|120Stoch.D_14_1_3|240Stoch.D_14_1_3|1WStoch.D_14_1_3|1M,number
Stoch.D_14_1_3[1]Stoch.D_14_1_3[1]Stoch.D_14_1_3[1]|1Stoch.D_14_1_3[1]|5Stoch.D_14_1_3[1]|15Stoch.D_14_1_3[1]|30Stoch.D_14_1_3[1]|60Stoch.D_14_1_3[1]|120Stoch.D_14_1_3[1]|240Stoch.D_14_1_3[1]|1WStoch.D_14_1_3[1]|1M,number
Stoch.D_5_3_3Stoch.D_5_3_3Stoch.D_5_3_3|1Stoch.D_5_3_3|5Stoch.D_5_3_3|15Stoch.D_5_3_3|30Stoch.D_5_3_3|60Stoch.D_5_3_3|120Stoch.D_5_3_3|240Stoch.D_5_3_3|1WStoch.D_5_3_3|1M,number
Stoch.D_5_3_3[1]Stoch.D_5_3_3[1]Stoch.D_5_3_3[1]|1Stoch.D_5_3_3[1]|5Stoch.D_5_3_3[1]|15Stoch.D_5_3_3[1]|30Stoch.D_5_3_3[1]|60Stoch.D_5_3_3[1]|120Stoch.D_5_3_3[1]|240Stoch.D_5_3_3[1]|1WStoch.D_5_3_3[1]|1M,number
Stoch.D_6_3_3Stoch.D_6_3_3Stoch.D_6_3_3|1Stoch.D_6_3_3|5Stoch.D_6_3_3|15Stoch.D_6_3_3|30Stoch.D_6_3_3|60Stoch.D_6_3_3|120Stoch.D_6_3_3|240Stoch.D_6_3_3|1WStoch.D_6_3_3|1M,number
Stoch.D_6_3_3[1]Stoch.D_6_3_3[1]Stoch.D_6_3_3[1]|1Stoch.D_6_3_3[1]|5Stoch.D_6_3_3[1]|15Stoch.D_6_3_3[1]|30Stoch.D_6_3_3[1]|60Stoch.D_6_3_3[1]|120Stoch.D_6_3_3[1]|240Stoch.D_6_3_3[1]|1WStoch.D_6_3_3[1]|1M,number
Stoch.D_8_3_3Stoch.D_8_3_3Stoch.D_8_3_3|1Stoch.D_8_3_3|5Stoch.D_8_3_3|15Stoch.D_8_3_3|30Stoch.D_8_3_3|60Stoch.D_8_3_3|120Stoch.D_8_3_3|240Stoch.D_8_3_3|1WStoch.D_8_3_3|1M,number
Stoch.D_8_3_3[1]Stoch.D_8_3_3[1]Stoch.D_8_3_3[1]|1Stoch.D_8_3_3[1]|5Stoch.D_8_3_3[1]|15Stoch.D_8_3_3[1]|30Stoch.D_8_3_3[1]|60Stoch.D_8_3_3[1]|120Stoch.D_8_3_3[1]|240Stoch.D_8_3_3[1]|1WStoch.D_8_3_3[1]|1M,number
Stoch.K[1]Stoch.K[1]Stoch.K[1]|1Stoch.K[1]|5Stoch.K[1]|15Stoch.K[1]|30Stoch.K[1]|60Stoch.K[1]|120Stoch.K[1]|240Stoch.K[1]|1WStoch.K[1]|1M,number
Stoch.K_14_1_3Stoch.K_14_1_3Stoch.K_14_1_3|1Stoch.K_14_1_3|5Stoch.K_14_1_3|15Stoch.K_14_1_3|30Stoch.K_14_1_3|60Stoch.K_14_1_3|120Stoch.K_14_1_3|240Stoch.K_14_1_3|1WStoch.K_14_1_3|1M,number
Stoch.K_14_1_3[1]Stoch.K_14_1_3[1]Stoch.K_14_1_3[1]|1Stoch.K_14_1_3[1]|5Stoch.K_14_1_3[1]|15Stoch.K_14_1_3[1]|30Stoch.K_14_1_3[1]|60Stoch.K_14_1_3[1]|120Stoch.K_14_1_3[1]|240Stoch.K_14_1_3[1]|1WStoch.K_14_1_3[1]|1M,number
Stoch.K_5_3_3Stoch.K_5_3_3Stoch.K_5_3_3|1Stoch.K_5_3_3|5Stoch.K_5_3_3|15Stoch.K_5_3_3|30Stoch.K_5_3_3|60Stoch.K_5_3_3|120Stoch.K_5_3_3|240Stoch.K_5_3_3|1WStoch.K_5_3_3|1M,number
Stoch.K_5_3_3[1]Stoch.K_5_3_3[1]Stoch.K_5_3_3[1]|1Stoch.K_5_3_3[1]|5Stoch.K_5_3_3[1]|15Stoch.K_5_3_3[1]|30Stoch.K_5_3_3[1]|60Stoch.K_5_3_3[1]|120Stoch.K_5_3_3[1]|240Stoch.K_5_3_3[1]|1WStoch.K_5_3_3[1]|1M,number
Stoch.K_6_3_3Stoch.K_6_3_3Stoch.K_6_3_3|1Stoch.K_6_3_3|5Stoch.K_6_3_3|15Stoch.K_6_3_3|30Stoch.K_6_3_3|60Stoch.K_6_3_3|120Stoch.K_6_3_3|240Stoch.K_6_3_3|1WStoch.K_6_3_3|1M,number
Stoch.K_6_3_3[1]Stoch.K_6_3_3[1]Stoch.K_6_3_3[1]|1Stoch.K_6_3_3[1]|5Stoch.K_6_3_3[1]|15Stoch.K_6_3_3[1]|30Stoch.K_6_3_3[1]|60Stoch.K_6_3_3[1]|120Stoch.K_6_3_3[1]|240Stoch.K_6_3_3[1]|1WStoch.K_6_3_3[1]|1M,number
Stoch.K_8_3_3Stoch.K_8_3_3Stoch.K_8_3_3|1Stoch.K_8_3_3|5Stoch.K_8_3_3|15Stoch.K_8_3_3|30Stoch.K_8_3_3|60Stoch.K_8_3_3|120Stoch.K_8_3_3|240Stoch.K_8_3_3|1WStoch.K_8_3_3|1M,number
Stoch.K_8_3_3[1]Stoch.K_8_3_3[1]Stoch.K_8_3_3[1]|1Stoch.K_8_3_3[1]|5Stoch.K_8_3_3[1]|15Stoch.K_8_3_3[1]|30Stoch.K_8_3_3[1]|60Stoch.K_8_3_3[1]|120Stoch.K_8_3_3[1]|240Stoch.K_8_3_3[1]|1WStoch.K_8_3_3[1]|1M,number
actively_managed,string
all_time_high,price
all_time_high_day,time
all_time_low,price
all_time_low_day,time
all_time_open,price
amount_recent,fundamental_price
amount_upcoming,fundamental_price
asset_class,string
asset_turnover_current,number
asset_turnover_fy,number
aum,fundamental_price
aum_perf.1M,number
aum_perf.1Y,number
aum_perf.3M,number
aum_perf.3Y,number
aum_perf.5Y,number
aum_perf.YTD,number
average_volume,number
bars_countbars_countbars_count|1bars_count|5bars_count|15bars_count|30bars_count|60bars_count|120bars_count|240bars_count|1Wbars_count|1M,number
base_currency_kind,string
beta_3_year,number
beta_5_year,number
book_value_per_share_fq,fundamental_price
book_value_per_share_fy,fundamental_price
brand,string
buyback_yield,fundamental_price
cagr_5_earnings_per_share_basic,percent
cagr_5_free_cash_flow,percent
cagr_5_net_income,percent
cagr_5_revenue,percent
capital_expenditures_qoq_growth_fq,percent
capital_expenditures_ttm,fundamental_price
capital_expenditures_unchanged_fq_h,number
capital_expenditures_unchanged_fy_h,number
capital_expenditures_unchanged_ttm_h,number
capital_expenditures_yoy_growth_fq,percent
capital_expenditures_yoy_growth_fy,percent
capital_expenditures_yoy_growth_ttm,percent
cash_dividend_coverage_ratio_fy,number
cash_dividend_coverage_ratio_ttm,number
cash_f_financing_activities_ttm,fundamental_price
cash_f_investing_activities_ttm,fundamental_price
cash_f_operating_activities_ttm,fundamental_price
cash_n_short_term_invest_to_total_current_liabilities_fq,number
cash_n_short_term_invest_to_total_current_liabilities_fy,number
cash_n_short_term_invest_to_total_debt_fq,number
cash_n_short_term_invest_to_total_debt_fy,number
cash_ratio,number
category,string
continuous_dividend_growth,number
continuous_dividend_payout,number
country_code_fund,string
coupon,number
cryptoasset-info.description,string
cryptoasset-info.id,string
currency_hedged_flag,string
currency_id,string
currency_kind,string
current_ratio_current,number
current_ratio_fq,number
current_session,string
days_to_maturity,number
debt_to_asset_fq,number
debt_to_asset_fy,number
debt_to_assets,number
debt_to_equity_fq,number
description,string
diluted_shares_outstanding_fq,fundamental_price
dividend_amount_recent,fundamental_price
dividend_amount_upcoming,fundamental_price
dividend_ex_date_recent,time
dividend_ex_date_upcoming,time
dividend_frequency_recent,string
dividend_frequency_upcoming,string
dividend_payment_date_recent,time
dividend_payment_date_upcoming,time
dividend_payout_ratio_percent_fq,percent
dividend_payout_ratio_percent_fy,percent
dividend_payout_ratio_ttm,percent
dividend_treatment,string
dividend_yield_upcoming,number
dividends_frequency,string
dividends_yield,number
dividends_yield_current,percent
dividends_yield_fq,percent
dividends_yield_fy,percent
dps_common_stock_prim_issue_fq,fundamental_price
dps_common_stock_prim_issue_fy_h,number
earnings_per_share_basic_fy,fundamental_price
earnings_per_share_basic_fy_h,number
earnings_per_share_diluted_5y_growth_fy,percent
earnings_per_share_diluted_fq,fundamental_price
earnings_per_share_diluted_fq_h,number
earnings_per_share_diluted_fy,fundamental_price
earnings_per_share_diluted_fy_h,number
earnings_per_share_diluted_ttm_h,number
earnings_per_share_forecast_fq,fundamental_price
earnings_per_share_forecast_next_fy,fundamental_price
earnings_per_share_fy,fundamental_price
earnings_publication_type_fq,number
earnings_publication_type_next_fq,number
earnings_release_calendar_date,time
earnings_release_next_calendar_date,time
earnings_release_next_time,number
earnings_release_next_trading_date_fq,time
earnings_release_next_trading_date_fy,time
earnings_release_time,number
earnings_release_trading_date_fq,time
earnings_release_trading_date_fy,time
ebit_ttm,fundamental_price
ebitda_fq_h,number
ebitda_fy,fundamental_price
ebitda_fy_h,number
ebitda_interst_cover_fy,number
ebitda_interst_cover_ttm,number
ebitda_less_capex_interst_cover_fy,number
ebitda_less_capex_interst_cover_ttm,number
ebitda_per_employee_fy,fundamental_price
ebitda_ttm,fundamental_price
ebitda_ttm_h,number
enterprise_value_current,fundamental_price
enterprise_value_ebitda_current,number
enterprise_value_to_ebit_ttm,number
enterprise_value_to_free_cash_flow_ttm,number
enterprise_value_to_gross_profit_ttm,number
enterprise_value_to_revenue_ttm,number
eps_diluted_growth_percent_fq,percent
eps_diluted_growth_percent_fy,percent
eps_surprise_fq,fundamental_price
eps_surprise_percent_fq,percent
etf_fund_currency,string
ex_dividend_date_recent,time
ex_dividend_date_upcoming,time
expected_annual_dividends,number
expense_ratio,number
expiration,time
first_bar_time,time
fiscal_period_end_fh,time
fiscal_period_end_fh_h,number
fiscal_period_end_fq,time
fiscal_period_fy_h,number
fixed_assets_turnover_fq,number
fixed_assets_turnover_fy,number
float_shares_outstanding_current,number
float_shares_percent_current,percent
focus,string
fractional,string
free_cash_flow,fundamental_price
free_cash_flow_fq,fundamental_price
free_cash_flow_fq_h,number
free_cash_flow_fy,fundamental_price
free_cash_flow_fy_h,number
free_cash_flow_per_employee_fy,fundamental_price
free_cash_flow_ttm,fundamental_price
free_cash_flow_ttm_h,number
frequency_recent,string
frequency_upcoming,string
fund_flows.1M,fundamental_price
fund_flows.1Y,fundamental_price
fund_flows.3M,fundamental_price
fund_flows.3Y,fundamental_price
fund_flows.5Y,fundamental_price
fund_flows.YTD,fundamental_price
fundamental_currency_code,string
gap_downgap_downgap_down|1gap_down|5gap_down|15gap_down|30gap_down|60gap_down|120gap_down|240gap_down|1Wgap_down|1M,percent
gap_down_absgap_down_absgap_down_abs|1gap_down_abs|5gap_down_abs|15gap_down_abs|30gap_down_abs|60gap_down_abs|120gap_down_abs|240gap_down_abs|1Wgap_down_abs|1M,price
gap_upgap_upgap_up|1gap_up|5gap_up|15gap_up|30gap_up|60gap_up|120gap_up|240gap_up|1Wgap_up|1M,percent
gap_up_absgap_up_absgap_up_abs|1gap_up_abs|5gap_up_abs|15gap_up_abs|30gap_up_abs|60gap_up_abs|120gap_up_abs|240gap_up_abs|1Wgap_up_abs|1M,price
goodwill_fq,fundamental_price
gross_margin_fy,percent
gross_margin_percent_ttm,percent
gross_margin_ttm,percent
gross_profit_fq_h,number
gross_profit_fy,fundamental_price
gross_profit_fy_h,number
gross_profit_ttm,fundamental_price
gross_profit_ttm_h,number
holdings_region,string
holds_derivatives_flag,string
index_id,string
index_priority,number
index_provider,string
indexes,number
indicated_annual_dividend,fundamental_price
indicators_bars_countindicators_bars_countindicators_bars_count|1indicators_bars_count|5indicators_bars_count|15indicators_bars_count|30indicators_bars_count|60indicators_bars_count|120indicators_bars_count|240indicators_bars_count|1Windicators_bars_count|1M,number
interst_cover_fy,number
interst_cover_ttm,number
invent_turnover_current,number
invent_turnover_fy,number
inverse_flag,number
is_blacklisted,boolean
is_shariah_compliant,boolean
issuance_of_stock_net_ttm,fundamental_price
issuer,string
k1_form,string
last_bar_update_timelast_bar_update_timelast_bar_update_time|1last_bar_update_time|5last_bar_update_time|15last_bar_update_time|30last_bar_update_time|60last_bar_update_time|120last_bar_update_time|240last_bar_update_time|1Wlast_bar_update_time|1M,number
last_report_frequency,number
launch_date,time
leverage,string
leverage_ratio,string
leveraged_flag,string
logoid,string
long_term_capital,number
long_term_debt_to_assets_fq,number
long_term_debt_to_assets_fy,number
long_term_debt_to_equity_fq,number
low_after_high_all_change,percent
low_after_high_all_change_abs,price
market,string
maturity_date,time-yyyymmdd
minmov,number
minmove2,number
most_recent_quarter_date,time
name,string
nav,fundamental_price
nav_discount_premium,number
nav_perf.1M,number
nav_perf.1Y,number
nav_perf.3M,number
nav_perf.3Y,number
nav_perf.5Y,number
nav_perf.YTD,number
nav_total_return.1M,number
nav_total_return.1Y,number
nav_total_return.3M,number
nav_total_return.3Y,number
nav_total_return.5Y,number
nav_total_return.6M,number
nav_total_return.YTD,number
net_debt_fq,fundamental_price
net_debt_to_ebitda_fq,number
net_debt_to_ebitda_fy,number
net_income_bef_disc_oper_fy,fundamental_price
net_income_fq_h,number
net_income_fy,fundamental_price
net_income_fy_h,number
net_income_per_employee_fy,fundamental_price
net_income_ttm,fundamental_price
net_income_ttm_h,number
net_margin,percent
net_margin_fy,percent
net_margin_ttm,percent
next_dividend_date,time
niche,string
non_gaap_price_to_earnings_per_share_forecast_next_fy,number
number_of_employees_fy,number
number_of_shareholders_fy,number
oper_income_fy,fundamental_price
oper_income_per_employee_fy,fundamental_price
oper_income_ttm,fundamental_price
operating_margin_fy,percent
operating_margin_ttm,percent
payment_date_recent,time
payment_date_upcoming,time
post_changepost_changepost_change|1post_change|5post_change|15post_change|30post_change|60post_change|120post_change|240post_change|1Wpost_change|1M,percent
postmarket_time,time
pre_changepre_changepre_change|1pre_change|5pre_change|15pre_change|30pre_change|60pre_change|120pre_change|240pre_change|1Wpre_change|1M,percent
pre_change_abspre_change_abspre_change_abs|1pre_change_abs|5pre_change_abs|15pre_change_abs|30pre_change_abs|60pre_change_abs|120pre_change_abs|240pre_change_abs|1Wpre_change_abs|1M,price
pre_tax_margin_ttm,percent
preferred_dividends,number
premarket_time,time
price_52_week_high_date,time
price_52_week_low_date,time
price_annual_book,number
price_annual_sales,number
price_book_current,number
price_cash_flow_current,number
price_earnings_current,number
price_earnings_forward_fy,number
price_earnings_growth_ttm,number
price_free_cash_flow_current,number
price_sales,price
price_sales_current,number
price_target_1y,price
price_target_1y_delta,percent
price_target_average,number
price_target_high,number
price_target_low,number
price_target_median,number
price_to_cash_f_operating_activities_ttm,number
price_to_cash_ratio,number
price_to_working_capital_fq,number
pricescale,number
provider-id,string
quick_ratio_current,number
quick_ratio_fq,number
rates_cf,map
rates_current,map
rates_dividend_recent,map
rates_dividend_upcoming,map
rates_earnings_fq,map
rates_earnings_next_fq,map
rates_fh,map
rates_fq,map
rates_fy,map
rates_mc,map
rates_pt,map
rates_time_series,map
rates_ttm,map
receivables_turnover_fq,number
receivables_turnover_fy,number
recommendation_buy,number
recommendation_hold,number
recommendation_mark,number
recommendation_over,number
recommendation_sell,number
recommendation_total,number
recommendation_under,number
relative_volume,number
relative_volume_intraday|5,number
research_and_dev_fy,fundamental_price
research_and_dev_per_employee_fy,fundamental_price
research_and_dev_ttm,fundamental_price
return_of_invested_capital_percent_ttm,percent
return_on_assets_fq,percent
return_on_assets_fy,percent
return_on_capital_employed_fq,percent
return_on_capital_employed_fy,percent
return_on_equity_fq,percent
return_on_equity_fy,percent
return_on_invested_capital_fq,percent
return_on_invested_capital_fy,percent
return_on_tang_assets_fq,percent
return_on_tang_assets_fy,percent
return_on_tang_equity_fq,percent
return_on_tang_equity_fy,percent
return_on_total_capital_fq,percent
return_on_total_capital_fy,percent
revenue_forecast_fq,fundamental_price
revenue_forecast_next_fq,fundamental_price
revenue_fq,fundamental_price
revenue_per_employee_fy,fundamental_price
revenue_per_share_fy,fundamental_price
revenue_per_share_ttm,fundamental_price
revenue_surprise_fq,fundamental_price
revenue_surprise_percent_fq,percent
rtc,price
selection_criteria,string
sell_gen_admin_exp_other_fy,fundamental_price
sell_gen_admin_exp_other_ttm,fundamental_price
shrhldrs_equity_fq,fundamental_price
shrhldrs_equity_fy,fundamental_price
shrhldrs_equity_to_total_assets_fq,number
shrhldrs_equity_to_total_assets_fy,number
source-logoid,string
strategy,string
subtype,string
sum_for_enterprise_value,fundamental_price
timetimetime|1time|5time|15time|30time|60time|120time|240time|1Wtime|1M,time
time_business_day,number
top_revenue_country_code,string
total_assets_fq,fundamental_price
total_assets_fq_h,number
total_assets_fy,fundamental_price
total_assets_fy_h,number
total_assets_per_employee_fy,fundamental_price
total_assets_to_equity_fq,number
total_assets_to_equity_fy,number
total_capital,number
total_cash_dividends_paid_fy,fundamental_price
total_current_assets_fq,fundamental_price
total_current_liabilities_fq,fundamental_price
total_current_liabilities_fy,fundamental_price
total_debt_fq,fundamental_price
total_debt_fq_h,number
total_debt_fy,fundamental_price
total_debt_fy_h,number
total_debt_per_employee_fy,fundamental_price
total_debt_to_capital_fq,number
total_debt_to_capital_fy,number
total_debt_to_ebitda_fq,number
total_debt_to_ebitda_fy,number
total_equity_fq,fundamental_price
total_revenue_5y_growth_fy,percent
total_revenue_fq_h,number
total_revenue_fy,fundamental_price
total_revenue_fy_h,number
total_revenue_ttm,fundamental_price
total_revenue_ttm_h,number
total_shares_outstanding_calculated,number
total_shares_outstanding_current,number
transparent_holding_flag,string
typespecs,set
ucits_compliant_flag,string
update-time,number
update_modeupdate_modeupdate_mode|1update_mode|5update_mode|15update_mode|30update_mode|60update_mode|120update_mode|240update_mode|1Wupdate_mode|1M,string
update_time,time
volume_changevolume_changevolume_change|1volume_change|5volume_change|15volume_change|30volume_change|60volume_change|120volume_change|240volume_change|1Wvolume_change|1M,percent
volume_change_absvolume_change_absvolume_change_abs|1volume_change_abs|5volume_change_abs|15volume_change_abs|30volume_change_abs|60volume_change_abs|120volume_change_abs|240volume_change_abs|1Wvolume_change_abs|1M,number
weight_top_10,percent
weight_top_25,percent
weight_top_50,percent
weighting_scheme,string
working_capital_fq,fundamental_price
yield_recent,number
yield_upcoming,number
